stamp,raw_features,enhanced_features_before,enhanced_features_removed,enhanced_features_after,noisy_blocks,maximum_noise_ratio
1403638518.3778296,68,84,0,84,0,2.7290598219207833
1403638518.4778295,150,150,0,150,0,3.2402159244264506
1403638518.5778294,150,150,0,150,0,3.0203703703703706
1403638518.6778295,150,150,0,150,0,2.9160135289416598
1403638518.7778294,150,150,0,150,0,3.1071428571428572
1403638518.8778296,150,150,0,150,0,3.182978723404255
1403638518.9778295,150,150,0,150,0,2.9656192042551708
1403638519.0778294,150,150,0,150,0,2.7690623282766893
1403638519.1778295,150,150,0,150,0,4.9716312056737584
1403638519.2778294,150,150,0,150,0,2.750967337667424
1403638519.3778296,150,150,0,150,0,3.2610389610389605
1403638519.4778295,150,150,0,150,0,2.8544380188477074
1403638519.5778294,150,150,0,150,0,3.063736263736264
1403638519.6778295,150,150,0,150,0,3.3969969969969966
1403638519.7778294,150,150,0,150,0,2.8132450331125836
1403638519.8778296,150,150,0,150,0,2.8052434456928839
1403638519.9778295,150,150,0,150,0,2.6491416309012874
1403638520.0778294,150,150,0,150,0,4.3556882022471912
1403638520.1778295,150,150,0,150,0,4.5904365904365907
1403638520.2778294,150,150,0,150,0,2.811258278145695
1403638520.3778296,150,150,0,150,0,2.9790082462891694
1403638520.4778295,150,150,0,150,0,4.9268041237113405
1403638520.5778294,150,150,0,150,0,2.9018798989085051
1403638520.6778295,150,150,0,150,0,2.6863905325443787
1403638520.7778294,150,150,0,150,0,2.680797569848627
1403638520.8778296,150,150,0,150,0,3.6279816513761469
1403638520.9778295,150,150,0,150,0,2.6681922196796335
1403638521.0778294,150,150,0,150,0,3.2532051282051282
1403638521.1778295,150,150,0,150,0,2.8106103577606465
1403638521.2778294,150,150,0,150,0,4.1400560224089631
1403638521.3778296,150,150,0,150,0,2.8166666666666673
1403638521.4778295,150,150,0,150,0,3.0210132027889034
1403638521.5778294,150,150,0,150,0,2.8419625670320783
1403638521.6778295,150,150,0,150,0,3.1965811965811977
1403638521.7778294,150,150,0,150,0,3.6681003584229388
1403638521.8778296,150,150,0,150,0,2.9040616106824615
1403638521.9778295,150,145,0,145,0,2.8981405122585238
1403638522.0778294,144,145,0,145,0,4.2214285714285715
1403638522.1778295,106,132,0,132,0,3.2294275491949915
1403638522.2778294,85,122,0,122,0,3.360544217687075
1403638522.3778296,58,104,3,101,1,12.31875
1403638522.4778295,55,121,1,120,1,15.925925925925926
1403638522.5778294,72,114,0,114,0,6.2332089552238807
1403638522.6778295,58,130,0,130,0,7.5294117647058831
1403638522.7778294,56,143,0,143,0,8.8059360730593603
1403638522.8778296,93,150,0,150,0,10.416666666666668
1403638522.9778295,98,150,0,150,0,5.1648194886425989
1403638523.0778294,103,150,0,150,0,10.173913043478262
1403638523.1778295,109,150,5,145,2,15.892857142857144
1403638523.2778294,116,150,0,150,0,6.3288875074826167
1403638523.3778296,109,150,0,150,0,8.4331797235023043
1403638523.4778295,108,150,0,150,0,4
1403638523.5778294,79,128,0,128,0,5.5953355155482809
1403638523.6778295,98,128,0,128,0,3.4948181560592233
1403638523.7778294,73,120,0,120,0,4.0548098434004478
1403638523.8778296,73,109,0,109,0,6.3555555555555543
1403638523.9778295,61,92,0,92,0,5.065868263473055
1403638524.0778294,96,137,0,137,0,7.323943661971831
1403638524.1778295,82,128,0,128,0,5.7723970944309917
1403638524.2778294,83,116,0,116,0,6.0912653975363948
1403638524.3778296,70,113,0,113,0,4.7448275862068963
1403638524.4778295,84,132,0,132,0,3.9503220704107966
1403638524.5778294,74,129,0,129,0,5.734206033010814
1403638524.6778295,81,143,5,138,1,15.029411764705882
1403638524.7778294,88,150,0,150,0,6.2275449101796401
1403638524.8778296,103,150,0,150,0,4.1670478784919434
1403638524.9778295,127,150,0,150,0,10.534082205769723
1403638525.0778294,128,150,0,150,0,4.4535403977715555
1403638525.1778295,128,150,3,147,1,13.672771972956363
1403638525.2778294,118,150,0,150,0,4.1211931254244369
1403638525.3778296,82,143,0,143,0,9.4516871165644165
1403638525.4778295,69,107,0,107,0,4.5505376344086024
1403638525.5778294,92,136,0,136,0,4.4095394736842106
1403638525.6778295,83,139,0,139,0,5.9579081632653068
1403638525.7778294,80,124,0,124,0,4.763771985836188
1403638525.8778296,69,114,0,114,0,4.2165561409742827
1403638525.9778295,74,122,0,122,0,5.9069200779727096
1403638526.0778294,73,148,0,148,0,9.3774999999999995
1403638526.1778295,66,134,0,134,0,5.098140495867769
1403638526.2778294,68,124,0,124,0,4.9715483677747834
1403638526.3778296,69,121,0,121,0,4.2608695652173907
1403638526.4778295,65,124,0,124,0,10.335416666666667
1403638526.5778294,81,133,0,133,0,10.285714285714286
1403638526.6778295,76,121,0,121,0,3.4448975622406635
1403638526.7778294,75,135,0,135,0,3.3597201604147737
1403638526.8778296,69,123,0,123,0,4.9119318181818183
1403638526.9778295,72,131,0,131,0,3.3278095920293209
1403638527.0778294,82,134,0,134,0,5.1325301204819276
1403638527.1778295,65,135,0,135,0,7.0428571428571418
1403638527.2778294,72,130,3,127,1,inf
1403638527.3778296,86,126,0,126,0,10.076291866125844
1403638527.4778295,82,130,0,130,1,12.119273607748184
1403638527.5778294,86,136,1,135,2,11.665463167537856
1403638527.6778295,85,136,0,136,1,11.887012679227395
1403638527.7778294,74,139,0,139,1,11.143037851513085
1403638527.8778296,78,136,0,136,0,7.3025793650793656
1403638527.9778295,80,141,4,137,1,inf
1403638528.0778294,72,130,1,129,1,11.800872093023257
1403638528.1778295,77,136,0,136,0,6.450828729281767
1403638528.2778294,93,136,0,136,0,9.0451388888888875
1403638528.3778296,86,127,0,127,0,5.0972222222222214
1403638528.4778295,86,143,0,143,0,8.8000000000000007
1403638528.5778294,87,147,0,147,0,3.6235294117647059
1403638528.6778295,94,136,0,136,0,8.3541666666666679
1403638528.7778294,89,147,0,147,0,7.6757142857142862
1403638528.8778296,95,145,0,145,0,6.0941915227629515
1403638528.9778295,96,150,0,150,0,6.0730659025787963
1403638529.0778294,105,150,4,146,1,11.006896551724138
1403638529.1778295,102,150,0,150,0,7.1341463414634152
1403638529.2778294,77,150,0,150,0,4.2803970223325063
1403638529.3778296,80,150,0,150,0,7.7731958762886588
1403638529.4778295,74,120,0,120,0,6.3486486486486493
1403638529.5778294,69,102,0,102,0,5.3153988868274586
1403638529.6778295,66,114,0,114,0,8.0606060606060623
1403638529.7778294,61,112,0,112,0,7.7538461538461529
1403638529.8778296,63,115,0,115,0,5.6450723816392765
1403638529.9778295,69,115,0,115,0,4.7386109776832344
1403638530.0778294,108,109,0,109,0,5.0358978257151463
1403638530.1778295,97,110,0,110,0,5.0160464676715337
1403638530.2778294,80,103,0,103,0,4.3223229171825226
1403638530.3778296,73,99,0,99,0,3.7264206467027989
1403638530.4778295,71,103,0,103,0,6.6199460916442057
1403638530.5778294,66,96,0,96,0,7.3969771172844725
1403638530.6778295,62,116,0,116,0,7.5253830683034364
1403638530.7778294,69,101,0,101,0,7.7667910447761201
1403638530.8778296,70,99,0,99,0,7.2884811416921522
1403638530.9778295,128,117,0,117,0,9.1715414763709386
1403638531.0778294,150,114,0,114,0,6.5258503401360546
1403638531.1778295,143,108,0,108,0,8.5317220543806638
1403638531.2778294,141,121,0,121,0,4.9403409090909092
1403638531.3778296,138,131,0,131,0,10.768903088391905
1403638531.4778295,150,148,0,148,0,5.3584559200672954
1403638531.5778294,150,148,0,148,0,4.7607508532423211
1403638531.6778295,150,150,0,150,0,4.733218588640276
1403638531.7778294,150,150,0,150,0,5.672727272727272
1403638531.8778296,150,150,0,150,0,4.116520039100684
1403638531.9778295,150,150,0,150,0,3.9180790960451981
1403638532.0778294,149,150,0,150,0,4.8016390896499495
1403638532.1778295,150,150,0,150,0,4.236559139784946
1403638532.2778294,150,150,0,150,0,4.5018923967296445
1403638532.3778296,150,150,0,150,0,5.3106134371957152
1403638532.4778295,150,150,0,150,0,5.0435741864313295
1403638532.5778294,150,150,0,150,0,4.3939808481532143
1403638532.6778295,150,150,0,150,0,5.321739130434783
1403638532.7778294,150,150,0,150,0,5.4371657754010698
1403638532.8778296,150,150,0,150,0,3.228515625
1403638532.9778295,150,150,0,150,0,5.9705129561078802
1403638533.0778294,150,150,0,150,0,5.0888788150334729
1403638533.1778295,150,150,0,150,0,4.336283185840708
1403638533.2778294,150,150,0,150,0,5.0729815582605617
1403638533.3778296,150,150,0,150,0,4.9380530973451329
1403638533.4778295,150,150,0,150,0,5.5779467680608361
1403638533.5778294,150,150,0,150,0,6.6842553191489369
1403638533.6778295,150,150,0,150,0,4.6532846715328473
1403638533.7778294,150,150,0,150,0,4.8982142857142854
1403638533.8778296,150,150,0,150,0,4.4094717668488155
1403638533.9778295,145,150,0,150,0,4.821614583333333
1403638534.0778294,150,150,0,150,0,5.7863924050632907
1403638534.1778295,150,150,0,150,0,5.7650796992481199
1403638534.2778294,150,150,0,150,0,4.75794647008036
1403638534.3778296,150,150,0,150,0,4.4187004270896884
1403638534.4778295,150,150,0,150,0,5.1336734693877544
1403638534.5778294,150,148,0,148,0,6.0166007905138335
1403638534.6778295,150,150,0,150,0,5.8489326765188832
1403638534.7778294,150,150,0,150,0,4.9639639639639634
1403638534.8778296,150,150,0,150,0,4.2647058823529402
1403638534.9778295,150,150,0,150,0,7.0201754385964916
1403638535.0778294,150,150,0,150,0,2.5207905544147842
1403638535.1778295,150,150,0,150,0,6.5742397137745971
1403638535.2778294,150,150,0,150,0,5.7570367953006452
1403638535.3778296,150,150,0,150,0,5.0440018527095871
1403638535.4778295,150,150,0,150,0,5.5817307692307692
1403638535.5778294,150,150,0,150,0,5.571260306242638
1403638535.6778295,150,150,0,150,0,5.2721600688468158
1403638535.7778294,150,150,0,150,0,3.7020287105418035
1403638535.8778296,150,150,0,150,0,4.1625615763546797
1403638535.9778295,150,150,0,150,0,3.7373540856031124
1403638536.0778294,150,150,0,150,0,3.764647467725919
1403638536.1778295,150,150,0,150,0,3.6575738125802308
1403638536.2778294,150,150,0,150,0,4.6174698795180733
1403638536.3778296,150,150,0,150,0,5.6283315078495804
1403638536.4778295,150,150,0,150,0,4.4845854004252308
1403638536.5778294,150,150,0,150,0,5.5995085995085994
1403638536.6778295,150,150,0,150,0,3.8993796042249418
1403638536.7778294,150,150,0,150,0,4.7291925465838505
1403638536.8778296,150,150,0,150,0,4.1277966101694918
1403638536.9778295,150,150,0,150,0,3.7061237373737375
1403638537.0778294,150,150,0,150,0,5.3786804032778308
1403638537.1778295,150,150,0,150,0,5.0080437580437582
1403638537.2778294,150,150,0,150,0,5.7721518987341769
1403638537.3778296,150,150,0,150,0,6.2666666666666666
1403638537.4778295,150,150,0,150,0,4.1824271079590227
1403638537.5778294,150,150,0,150,0,3.8209614704842703
1403638537.6778295,150,150,0,150,0,3.8189244383934651
1403638537.7778294,150,150,0,150,0,4.5840621963070944
1403638537.8778296,150,150,0,150,0,7.948170731707318
1403638537.9778295,150,150,0,150,0,4.3529411764705879
1403638538.0778294,150,150,0,150,0,6.4901960784313726
1403638538.1778295,150,150,0,150,0,5.1074380165289259
1403638538.2778294,150,150,0,150,0,5.8066429418742578
1403638538.3778296,150,150,0,150,0,3.7952741702741704
1403638538.4778295,150,150,0,150,0,5.0052570093457946
1403638538.5778294,150,150,0,150,0,3.0177578091570392
1403638538.6778295,150,150,0,150,0,4.4368968439663714
1403638538.7778294,150,150,5,145,1,19.566591661151556
1403638538.8778296,150,141,0,141,0,4.5554185022026434
1403638538.9778295,131,122,0,122,0,4.1134426229508199
1403638539.0778294,89,108,0,108,0,4.6427350427350431
1403638539.1778295,71,99,0,99,0,4.6341736694677866
1403638539.2778294,57,95,3,92,1,27
1403638539.3778296,64,102,0,102,0,4.3781705443354664
1403638539.4778295,66,114,2,112,1,11.25268817204301
1403638539.5778294,69,123,0,123,0,3.7887870956967813
1403638539.6778295,100,141,0,141,0,9.2424242424242422
1403638539.7778294,87,145,8,137,2,36.433793663688057
1403638539.8778296,98,150,0,150,0,9.1127450980392162
1403638539.9778295,89,148,4,144,1,12.804054054054054
1403638540.0778294,86,145,0,145,0,8.487179487179489
1403638540.1778295,81,140,0,140,0,4.9337780623898713
1403638540.2778294,86,146,0,146,1,11.33611111111111
1403638540.3778296,92,150,0,150,0,6.9868131868131869
1403638540.4778295,100,150,0,150,0,6.0299999999999994
1403638540.5778294,113,150,2,148,1,inf
1403638540.6778295,116,150,0,150,0,4.3652173913043475
1403638540.7778294,111,148,0,148,0,2.6539296569691704
1403638540.8778296,134,143,0,143,0,5.7024793388429753
1403638540.9778295,125,150,0,150,0,7.3611111111111116
1403638541.0778294,129,148,0,148,0,5.7025641025641027
1403638541.1778295,130,150,0,150,0,5.5599999999999987
1403638541.2778294,126,149,0,149,0,8.4523809523809526
1403638541.3778296,129,150,0,150,0,7.4802631578947372
1403638541.4778295,135,150,0,150,0,5.0724637681159424
1403638541.5778294,132,150,0,150,0,9.0999999999999996
1403638541.6778295,128,150,0,150,0,7.6322580645161295
1403638541.7778294,134,150,0,150,0,5.2467532467532472
1403638541.8778296,124,148,0,148,0,4.3552061973114595
1403638541.9778295,127,142,0,142,0,9.4596774193548381
1403638542.0778294,130,147,0,147,0,5.6639566395663961
1403638542.1778295,106,137,0,137,0,4.0673094904160818
1403638542.2778294,106,137,0,137,0,4.7423741695274195
1403638542.3778296,118,146,3,143,1,19.279825874030745
1403638542.4778295,116,139,0,139,0,7.2500000000000009
1403638542.5778294,113,150,3,147,1,11.299999999999999
1403638542.6778295,115,148,2,146,1,30
1403638542.7778294,119,148,2,146,1,38.433551198257078
1403638542.8778296,123,150,0,150,0,6.5588235294117645
1403638542.9778295,122,148,3,145,2,23.259902462233853
1403638543.0778294,109,150,0,150,0,5.6038379716059561
1403638543.1778295,122,150,0,150,0,8.5627240143369168
1403638543.2778294,126,150,0,150,0,5.3399999999999999
1403638543.3778296,150,150,5,145,1,11.733926352279417
1403638543.4778295,144,150,0,150,0,7.2842548076923066
1403638543.5778294,143,150,0,150,0,6.0317460317460325
1403638543.6778295,128,150,5,145,1,32.084458905873269
1403638543.7778294,123,150,0,150,0,5.7905671367800471
1403638543.8778296,130,150,3,147,1,10.882460112684958
1403638543.9778295,126,150,3,147,1,12.799999999999999
1403638544.0778294,117,150,4,146,2,37.365269461077844
1403638544.1778295,122,150,4,146,2,35.359430604982208
1403638544.2778294,130,150,2,148,1,90.179842065042038
1403638544.3778296,126,150,0,150,0,5.4182662370245884
1403638544.4778295,122,150,0,150,1,80.257894736842104
1403638544.5778294,116,150,0,150,0,6.2698412698412689
1403638544.6778295,112,150,0,150,0,6.1667252190903357
1403638544.7778294,118,150,0,150,0,8.1914666234273543
1403638544.8778296,130,150,0,150,0,6.918238993710693
1403638544.9778295,132,150,0,150,0,6.1381842950071803
1403638545.0778294,133,150,0,150,0,10.599999999999998
1403638545.1778295,150,150,0,150,0,10.599999999999998
1403638545.2778294,150,150,0,150,0,10.599999999999998
1403638545.3778296,148,150,0,150,0,10.599999999999998
1403638545.4778295,150,150,0,150,0,10.599999999999998
1403638545.5778294,146,150,0,150,0,10.599999999999998
1403638545.6778295,149,150,0,150,0,10.599999999999998
1403638545.7778294,143,150,0,150,0,10.599999999999998
1403638545.8778296,150,150,0,150,0,10.599999999999998
1403638545.9778295,150,150,0,150,0,5.3541666666666661
1403638546.0778294,149,150,0,150,0,9.9411764705882355
1403638546.1778295,150,150,2,148,1,15.944444444444443
1403638546.2778294,150,150,0,150,0,4.0810413094832541
1403638546.3778296,150,150,0,150,0,4.5170526963889843
1403638546.4778295,150,150,0,150,0,4.1683046683046685
1403638546.5778294,150,150,0,150,0,4.573229483820719
1403638546.6778295,150,150,0,150,0,4.3665970772442586
1403638546.7778294,150,150,0,150,0,3.3737142857142861
1403638546.8778296,150,150,0,150,0,3.5567155764624463
1403638546.9778295,150,150,0,150,0,3.8770128900386931
1403638547.0778294,150,150,0,150,0,2.8856197603828737
1403638547.1778295,150,150,0,150,0,5.5131110951112392
1403638547.2778294,150,150,0,150,0,4.7544737943966062
1403638547.3778296,150,150,0,150,0,4.8839672031844934
1403638547.4778295,150,150,0,150,0,7.5586170636048431
1403638547.5778294,150,150,0,150,0,4.7346053398372581
1403638547.6778295,150,150,0,150,0,7.8402111872146119
1403638547.7778294,150,150,0,150,0,7.1649712516585593
1403638547.8778296,150,150,0,150,0,5.506852972588109
1403638547.9778295,150,150,4,146,1,13.736336779911372
1403638548.0778294,150,150,0,150,0,3.2906488878671185
1403638548.1778295,150,150,0,150,0,3.5628742514970058
1403638548.2778294,150,150,0,150,0,4.099681357493858
1403638548.3778296,150,150,0,150,0,3.7232453957192631
1403638548.4778295,146,150,0,150,0,10.244541484716157
1403638548.5778294,140,150,0,150,0,5.6639566395663952
1403638548.6778295,150,150,0,150,0,2.9246660010459755
1403638548.7778294,150,150,0,150,0,2.9998274979439277
1403638548.8778296,145,150,0,150,0,3.6666666666666665
1403638548.9778295,148,150,0,150,0,5.0000000000000009
1403638549.0778294,150,150,0,150,0,6.2372413793103458
1403638549.1778295,150,150,0,150,0,3.4112676056338027
1403638549.2778294,150,150,0,150,0,3.5086206896551722
1403638549.3778296,150,150,0,150,0,3.695348837209302
1403638549.4778295,150,150,0,150,0,4.3771929824561404
1403638549.5778294,146,150,0,150,0,3.0165816326530615
1403638549.6778295,144,150,0,150,0,4.1859456333140548
1403638549.7778294,144,150,0,150,0,4.3567567567567567
1403638549.8778296,150,150,0,150,0,6.613793103448276
1403638549.9778295,147,150,0,150,0,4.2651162790697672
1403638550.0778294,144,150,0,150,0,4.166666666666667
1403638550.1778295,131,150,0,150,0,3.67003367003367
1403638550.2778294,144,150,3,147,1,inf
1403638550.3778296,147,150,0,150,0,4.5244922341696538
1403638550.4778295,137,150,0,150,0,6.1540616246498612
1403638550.5778294,135,150,0,150,0,5.0133333333333336
1403638550.6778295,130,150,0,150,0,3.8695652173913047
1403638550.7778294,125,150,0,150,0,5.3985005767012693
1403638550.8778296,124,143,0,143,0,4.4717348927875245
1403638550.9778295,121,150,0,150,0,3.5907164914621421
1403638551.0778294,116,137,0,137,0,3.9524907749077496
1403638551.1778295,119,150,0,150,0,3.8649768029384881
1403638551.2778294,119,150,0,150,0,5.1511387163561073
1403638551.3778296,115,150,0,150,0,4.0627290378161529
1403638551.4778295,115,150,0,150,0,3.9005123539775588
1403638551.5778294,115,142,0,142,0,4.3767110668784772
1403638551.6778295,107,143,0,143,0,4.1989587211335602
1403638551.7778294,108,133,0,133,0,4.1308240982835382
1403638551.8778296,108,133,0,133,0,4.5517727630340117
1403638551.9778295,108,130,0,130,0,4.6724978178083152
1403638552.0778294,114,139,0,139,0,6.3867187499999991
1403638552.1778295,112,139,0,139,0,4.979838709677419
1403638552.2778294,112,150,0,150,0,6.713043478260869
1403638552.3778296,108,150,0,150,0,4.8071748878923763
1403638552.4778295,106,143,0,143,0,4.1905866249458352
1403638552.5778294,119,150,0,150,0,4.4883741569045084
1403638552.6778295,117,150,0,150,0,4.0882352941176476
1403638552.7778294,112,142,0,142,0,4.1802530674846627
1403638552.8778296,110,150,0,150,0,4.3137931034482753
1403638552.9778295,106,150,0,150,0,3.7195309621345118
1403638553.0778294,108,148,0,148,0,4.3489669345664064
1403638553.1778295,115,142,0,142,0,9.7359154929577461
1403638553.2778294,114,144,0,144,0,5.1104166666666657
1403638553.3778296,114,134,0,134,0,5.4337899543379002
1403638553.4778295,110,150,0,150,0,4.6234131099762381
1403638553.5778294,109,130,0,130,0,5.1142976331822076
1403638553.6778295,111,150,0,150,0,5.3159151908309923
1403638553.7778294,109,150,0,150,0,4.9033731585449054
1403638553.8778296,110,150,0,150,0,5.1520986919528724
1403638553.9778295,112,150,0,150,0,4.3248134430334284
1403638554.0778294,114,138,0,138,0,4.3576069519205118
1403638554.1778295,114,138,0,138,0,4.7287449392712553
1403638554.2778294,131,132,0,132,0,8
1403638554.3778296,125,139,0,139,0,4.3275104141632621
1403638554.4778295,125,150,0,150,0,6.0287499999999996
1403638554.5778294,143,150,0,150,0,5.1893939393939403
1403638554.6778295,136,150,0,150,0,4.0630132394838272
1403638554.7778294,136,150,0,150,0,3.9078305635838149
1403638554.8778296,134,150,0,150,0,4.0442478265525095
1403638554.9778295,136,150,0,150,0,3.697478991596638
1403638555.0778294,138,147,0,147,0,3.7462726890672218
1403638555.1778295,140,147,0,147,0,3.6790303738317758
1403638555.2778294,129,150,0,150,0,4.2359281437125755
1403638555.3778296,131,150,0,150,0,6.2094155844155852
1403638555.4778295,124,150,0,150,0,4.9142857142857146
1403638555.5778294,131,144,0,144,0,5.5650557620817844
1403638555.6778295,129,150,0,150,0,4.6520833333333336
1403638555.7778294,131,150,0,150,0,4.5840707964601766
1403638555.8778296,136,150,0,150,0,4.1663716814159297
1403638555.9778295,133,150,0,150,0,5.5282392026578071
1403638556.0778294,130,150,0,150,0,6.3066666666666675
1403638556.1778295,136,150,3,147,1,11.392935982339955
1403638556.2778294,137,150,0,150,0,6.8600000000000003
1403638556.3778296,136,150,0,150,0,5.7868852459016393
1403638556.4778295,134,149,0,149,0,7.9615384615384608
1403638556.5778294,135,150,0,150,0,6.75
1403638556.6778295,138,150,0,150,0,4.8221277437215733
1403638556.7778294,145,150,0,150,0,5.6345177664974617
1403638556.8778296,134,150,0,150,0,3.9456521739130435
1403638556.9778295,131,147,0,147,0,4.2852014569486689
1403638557.0778294,122,138,0,138,0,6.697318007662834
1403638557.1778295,125,145,0,145,0,6.5496402877697859
1403638557.2778294,122,150,0,150,0,9.4036544850498345
1403638557.3778296,121,150,0,150,0,5.6439560439560443
1403638557.4778295,114,140,0,140,0,6.7674418604651168
1403638557.5778294,114,150,0,150,0,4.5525412676420443
1403638557.6778295,115,150,0,150,0,5.0391594458341773
1403638557.7778294,113,142,0,142,0,6.4258064516129014
1403638557.8778296,117,150,0,150,0,4.7212396064781306
1403638557.9778295,114,150,0,150,0,4.6615460010337912
1403638558.0778294,109,142,0,142,0,4.7858585858585858
1403638558.1778295,110,150,0,150,0,9.7717391304347831
1403638558.2778294,105,150,0,150,0,5.1793893129770989
1403638558.3778296,105,148,0,148,0,5.0674747474747486
1403638558.4778295,101,150,0,150,0,4.8888888888888884
1403638558.5778294,102,150,0,150,0,5.1365853658536587
1403638558.6778295,101,148,0,148,0,4.4799080600835648
1403638558.7778294,100,150,0,150,0,5.65289256198347
1403638558.8778296,103,150,0,150,0,7.5614035087719298
1403638558.9778295,94,149,0,149,0,5.6262626262626263
1403638559.0778294,91,143,0,143,0,5.2555113185468141
1403638559.1778295,94,139,0,139,0,8.0829959514170042
1403638559.2778294,87,145,0,145,0,9.1022222222222204
1403638559.3778296,83,148,0,148,0,5.3873785788679411
1403638559.4778295,85,148,0,148,0,5.9718309859154921
1403638559.5778294,88,150,3,147,1,13.000088095576926
1403638559.6778295,88,150,0,150,0,8.2509603072983353
1403638559.7778294,92,146,0,146,0,7.3535576392719255
1403638559.8778296,90,150,1,149,1,10.857638888888889
1403638559.9778295,85,142,0,142,0,6.1255230648163188
1403638560.0778294,84,133,0,133,0,6
1403638560.1778295,78,126,3,123,1,59.777777777777779
1403638560.2778294,66,124,0,124,0,6.3451986754966887
1403638560.3778296,62,137,0,137,1,11.787675070028012
1403638560.4778295,68,139,0,139,0,5.777333333333333
1403638560.5778294,63,150,0,150,0,8.2646239554317553
1403638560.6778295,69,149,0,149,0,8.637931034482758
1403638560.7778294,89,150,0,150,0,7.767638360794253
1403638560.8778296,84,150,0,150,0,6.172307361979656
1403638560.9778295,82,150,0,150,0,10.75
1403638561.0778294,74,150,0,150,0,9.5515135014851804
1403638561.1778295,73,149,0,149,0,6.8327645051194548
1403638561.2778294,71,150,0,150,0,5.5414483068411968
1403638561.3778296,83,150,0,150,0,6.587435547064322
1403638561.4778295,93,147,0,147,0,4.0881845514125095
1403638561.5778294,91,150,4,146,1,66.512
1403638561.6778295,88,150,0,150,0,6.2539267942773922
1403638561.7778294,95,150,0,150,0,4.5051885598582642
1403638561.8778296,94,150,0,150,0,7.5306122448979593
1403638561.9778295,91,149,0,149,0,4.638398319185006
1403638562.0778294,93,150,0,150,0,6.9618636917542096
1403638562.1778295,91,150,0,150,0,5.5886751866735196
1403638562.2778294,99,150,0,150,0,5.4139068954843639
1403638562.3778296,101,149,0,149,0,6.2321428571428577
1403638562.4778295,97,150,0,150,0,5.3137254901960782
1403638562.5778294,97,150,0,150,0,5.8812035831865863
1403638562.6778295,91,146,0,146,0,5.7210806270996653
1403638562.7778294,86,143,0,143,0,5.0901233951141531
1403638562.8778296,111,145,0,145,0,3.7847222222222223
1403638562.9778295,103,150,0,150,0,4.7890410958904113
1403638563.0778294,102,150,0,150,0,5.8541033434650451
1403638563.1778295,101,150,0,150,0,3.5429447852760734
1403638563.2778294,95,140,0,140,0,4.1904761904761907
1403638563.3778296,92,150,0,150,0,4.7058823529411766
1403638563.4778295,113,144,0,144,0,4.921875
1403638563.5778294,114,147,0,147,0,2.8045804785481776
1403638563.6778295,113,150,0,150,0,3.8805970149253741
1403638563.7778294,108,150,0,150,0,3.9924242424242422
1403638563.8778296,118,150,0,150,0,10.599999999999998
1403638563.9778295,130,150,0,150,0,10.599999999999998
1403638564.0778294,124,150,1,149,2,55.413127413127427
1403638564.1778295,123,150,0,150,1,67.51612903225805
1403638564.2778294,115,150,0,150,0,10.599999999999998
1403638564.3778296,113,141,0,141,1,16.566666666666666
1403638564.4778295,105,137,0,137,1,17.649999999999999
1403638564.5778294,114,144,1,143,1,167.21531791907515
1403638564.6778295,80,135,0,135,0,3.9518976335734051
1403638564.7778294,82,136,0,136,1,14.545454545454549
1403638564.8778296,90,132,0,132,0,8.0138773985215224
1403638564.9778295,88,128,0,128,1,22.347465020842083
1403638565.0778294,81,128,0,128,0,3.6369603916332895
1403638565.1778295,72,129,0,129,1,23.806034939121233
1403638565.2778294,62,116,0,116,1,17.183138936381621
1403638565.3778296,64,115,0,115,1,13.145805293853744
1403638565.4778295,61,108,0,108,1,60.723062953995154
1403638565.5778294,60,104,0,104,0,10.124731182795699
1403638565.6778295,58,116,0,116,0,9.385560675883255
1403638565.7778294,62,111,1,110,1,16.797225777153944
1403638565.8778296,62,106,0,106,0,3.0715116802492619
1403638565.9778295,62,111,0,111,0,3.9765812281025261
1403638566.0778294,58,113,0,113,0,3.6936006216006207
1403638566.1778295,59,104,0,104,0,3.6082524269634164
1403638566.2778294,66,98,0,98,0,3.510029369605606
1403638566.3778296,65,100,0,100,0,3.8179000643711105
1403638566.4778295,71,95,0,95,0,3.9017543859649124
1403638566.5778294,73,95,0,95,0,2.8785071466384329
1403638566.6778295,80,107,0,107,0,3.9517269528190537
1403638566.7778294,86,100,0,100,0,3.8947128832009179
1403638566.8778296,80,115,0,115,0,5.0920397603930345
1403638566.9778295,89,118,6,112,1,13.664458451247748
1403638567.0778294,87,117,0,117,0,5.9125632565001496
1403638567.1778295,91,126,0,126,0,6.0417304214772569
1403638567.2778294,87,119,0,119,0,5.6587809036658143
1403638567.3778296,95,123,0,123,0,3.7082359834474681
1403638567.4778295,90,133,0,133,0,5.1275906065726407
1403638567.5778294,93,129,5,124,1,14.322959322959319
1403638567.6778295,96,129,0,129,0,3.649481303404845
1403638567.7778294,97,143,0,143,0,2.834523134934869
1403638567.8778296,107,141,0,141,0,3.3470383275261324
1403638567.9778295,109,148,0,148,0,4.5731843575418987
1403638568.0778294,111,147,0,147,0,3.2573099415204685
1403638568.1778295,114,140,0,140,0,2.6516137816286407
1403638568.2778294,115,150,3,147,1,14.457920792079207
1403638568.3778296,124,145,0,145,0,2.3738808598728056
1403638568.4778295,125,150,0,150,0,2.6456692913385829
1403638568.5778294,127,150,0,150,0,3.1111805839796305
1403638568.6778295,120,150,0,150,0,2.8366706251332179
1403638568.7778294,128,150,0,150,0,3.1639129294518753
1403638568.8778296,140,150,0,150,0,3.3782067733897958
1403638568.9778295,146,150,0,150,0,2.9033171758604648
1403638569.0778294,143,150,0,150,0,2.6660248990978155
1403638569.1778295,150,150,0,150,0,3.5193201273874051
1403638569.2778294,150,150,0,150,0,3.6151898734177217
1403638569.3778296,150,147,0,147,0,2.9836627140974974
1403638569.4778295,149,150,0,150,0,2.9335049335049339
1403638569.5778294,150,150,0,150,0,2.5454582351640012
1403638569.6778295,150,150,0,150,0,2.7798248263364544
1403638569.7778294,150,150,0,150,0,3.2555555555555551
1403638569.8778296,150,150,0,150,0,4.1734248284466622
1403638569.9778295,150,150,0,150,0,3.3274820743209061
1403638570.0778294,150,150,0,150,0,4.5999999999999996
1403638570.1778295,150,150,5,145,1,inf
1403638570.2778294,150,150,0,150,0,3.1538461538461537
1403638570.3778296,150,150,0,150,0,3.8391038696537678
1403638570.4778295,146,150,0,150,0,3.9834947183098586
1403638570.5778294,145,150,0,150,0,2.4230709153389562
1403638570.6778295,145,144,0,144,0,3.2864906832298133
1403638570.7778294,139,145,0,145,0,4.7553072625698318
1403638570.8778296,137,139,0,139,0,3.0444801714898184
1403638570.9778295,132,134,0,134,0,3.7781954887218041
1403638571.0778294,121,124,0,124,0,8.6910217352346333
1403638571.1778295,114,124,0,124,0,3.7510678964044279
1403638571.2778294,111,129,0,129,0,6.5227867197759855
1403638571.3778296,119,145,0,145,0,2.4522449552881684
1403638571.4778295,121,148,0,148,0,2.4817943558436717
1403638571.5778294,113,150,0,150,0,2.3921232876712328
1403638571.6778295,112,150,0,150,0,4.3144876325088344
1403638571.7778294,109,150,0,150,0,5.5858208955223887
1403638571.8778296,107,143,0,143,0,3.2361382909328116
1403638571.9778295,103,140,0,140,0,2.6039470733348287
1403638572.0778294,98,131,0,131,0,3.5835390946502055
1403638572.1778295,106,125,0,125,0,2.9341649341649343
1403638572.2778294,102,124,0,124,0,3.2283049472830498
1403638572.3778296,97,123,0,123,0,2.6869488536155202
1403638572.4778295,88,110,0,110,0,5.8592592592592592
1403638572.5778294,91,115,0,115,0,2.5717111770524235
1403638572.6778295,88,123,0,123,0,3.0647887323943661
1403638572.7778294,90,127,0,127,0,2.7943387881468378
1403638572.8778296,91,124,0,124,0,4.436619718309859
1403638572.9778295,107,124,0,124,0,4.8304093567251467
1403638573.0778294,104,128,0,128,0,4.0750625521267718
1403638573.1778295,96,117,0,117,0,3.2370370370370374
1403638573.2778294,97,120,0,120,0,4.1821705426356584
1403638573.3778296,89,114,0,114,0,3.0216961889425655
1403638573.4778295,87,108,0,108,0,3.0579095011586772
1403638573.5778294,79,104,2,102,1,inf
1403638573.6778295,79,111,0,111,0,2.7310848935624517
1403638573.7778294,70,97,0,97,0,3.9171323141802841
1403638573.8778296,64,86,0,86,0,5.7330827067669166
1403638573.9778295,64,89,0,89,1,461.80952380952385
1403638574.0778294,55,90,0,90,1,443.10322989233686
1403638574.1778295,56,81,0,81,1,431.95121951219517
1403638574.2778294,51,94,0,94,1,428.19275549805951
1403638574.3778296,46,81,0,81,1,452.54054054054052
1403638574.4778295,47,77,0,77,0,8.8557645685921624
1403638574.5778294,45,85,0,85,0,6.3428632961826308
1403638574.6778295,47,74,0,74,1,82.749077490774908
1403638574.7778294,54,71,0,71,1,297.86913767019661
1403638574.8778296,52,71,0,71,1,12.280311457174639
1403638574.9778295,53,66,0,66,0,7.7029496799063821
1403638575.0778294,52,86,2,84,1,12.16230122556467
1403638575.1778295,56,79,1,78,1,13.786549707602342
1403638575.2778294,72,98,0,98,1,28.602655771195103
1403638575.3778296,72,97,0,97,0,6.6555984555984544
1403638575.4778295,71,95,0,95,0,2.8585964323099953
1403638575.5778294,71,87,0,87,0,9.7797696269214143
1403638575.6778295,64,85,0,85,0,9.3276047261009669
1403638575.7778294,60,87,0,87,0,6.4130760741332731
1403638575.8778296,68,82,0,82,0,4.1009890681936492
1403638575.9778295,74,83,0,83,0,7.9968634216149459
1403638576.0778294,73,83,0,83,0,7.0438920380675025
1403638576.1778295,70,84,1,83,1,26.310182370820666
1403638576.2778294,67,89,0,89,1,17.417033064782576
1403638576.3778296,65,89,4,85,3,inf
1403638576.4778295,57,92,0,92,2,391.18874560375144
1403638576.5778294,65,86,0,86,2,347.14285714285717
1403638576.6778295,63,102,1,101,2,377.88510638297868
1403638576.7778294,61,95,0,95,3,399.09168443496804
1403638576.8778296,57,83,0,83,3,335.66726780883681
1403638576.9778295,52,91,0,91,3,389.99999999999994
1403638577.0778294,57,92,0,92,3,393.58670360110801
1403638577.1778295,52,103,6,97,4,inf
1403638577.2778294,52,97,0,97,3,392.83949255377826
1403638577.3778296,53,93,0,93,3,338.41363636363633
1403638577.4778295,57,98,0,98,2,312.81148564294637
1403638577.5778294,57,91,0,91,2,371.55486862442035
1403638577.6778295,52,108,0,108,3,613.28977272727275
1403638577.7778294,52,127,5,122,4,398.89164785553049
1403638577.8778296,48,133,0,133,3,397.01655629139071
1403638577.9778295,49,116,4,112,3,380.4304600740349
1403638578.0778294,51,121,2,119,2,365.63252702007208
1403638578.1778295,49,121,2,119,2,inf
1403638578.2778294,49,109,5,104,3,439.39648173207036
1403638578.3778296,49,121,3,118,2,424.23246492985976
1403638578.4778295,49,146,13,133,3,421.63133640552996
1403638578.5778294,48,149,8,141,3,inf
1403638578.6778295,46,138,4,134,2,429.70059880239518
1403638578.7778294,45,149,12,137,4,414.98983861326957
1403638578.8778296,45,140,5,135,2,398.89279636982417
1403638578.9778295,44,150,6,144,5,inf
1403638579.0778294,44,145,4,141,4,inf
1403638579.1778295,43,127,1,126,3,337.15545243619488
1403638579.2778294,42,134,2,132,3,329.11510791366902
1403638579.3778296,41,128,1,127,2,394.89938854919399
1403638579.4778295,42,136,0,136,2,405.26480836236931
1403638579.5778294,40,131,3,128,3,393.24639289678129
1403638579.6778295,40,150,0,150,2,314.98863157894738
1403638579.7778294,39,128,1,127,5,575.90640394088666
1403638579.8778296,36,131,1,130,5,312.28352180936992
1403638579.9778295,34,130,10,120,6,414.41292639138231
1403638580.0778294,31,133,8,125,8,699.96025104602518
1403638580.1778295,28,142,6,136,5,345.03228825456245
1403638580.2778294,31,127,9,118,6,inf
1403638580.3778296,30,132,16,116,6,382.28015143320715
1403638580.4778295,31,133,10,123,4,inf
1403638580.5778294,30,150,17,133,7,426.16091954022988
1403638580.6778295,28,137,14,123,5,35.662781241528876
1403638580.7778294,27,132,5,127,3,74.240340909090904
1403638580.8778296,26,132,12,120,2,20.21702215749972
1403638580.9778295,26,150,12,138,2,25.161202565686413
1403638581.0778294,26,150,10,140,2,21.486763236961071
1403638581.1778295,27,150,11,139,2,17.022341881503337
1403638581.2778294,26,150,21,129,4,29.555555555555561
1403638581.3778296,26,138,0,138,0,9.841309105647122
1403638581.4778295,26,145,4,141,1,15.729166666666666
1403638581.5778294,28,150,13,137,3,inf
1403638581.6778295,30,123,5,118,1,12.81619834710744
1403638581.7778294,30,147,0,147,0,8.7996358988263559
1403638581.8778296,30,150,6,144,2,16.597812973292662
1403638581.9778295,30,133,7,126,3,160.62335350658597
1403638582.0778294,30,150,14,136,6,46.453453661922943
1403638582.1778295,30,148,11,137,2,18.338868531275956
1403638582.2778294,30,131,12,119,3,18.865850229525531
1403638582.3778296,28,150,6,144,2,28.713294476824863
1403638582.4778295,28,136,8,128,3,21.886983885123222
1403638582.5778294,30,143,1,142,4,26.364061501651733
1403638582.6778295,29,150,6,144,3,19.392476881391939
1403638582.7778294,30,128,7,121,3,210.8015602145295
1403638582.8778296,31,142,10,132,4,62.932034104750301
1403638582.9778295,31,125,14,111,6,inf
1403638583.0778294,31,134,6,128,3,167.58078602620088
1403638583.1778295,31,150,8,142,4,168.12381673608479
1403638583.2778294,31,150,11,139,4,inf
1403638583.3778296,30,134,4,130,4,82.278776978417255
1403638583.4778295,29,150,7,143,3,219.15598182735994
1403638583.5778294,29,140,2,138,3,191.52745569897178
1403638583.6778295,29,139,3,136,3,173.75981253661394
1403638583.7778294,29,138,0,138,2,186.97813627679898
1403638583.8778296,28,142,1,141,3,189.50152771715406
1403638583.9778295,28,150,1,149,3,188.00216966804075
1403638584.0778294,29,127,1,126,3,187.45562885720366
1403638584.1778295,30,110,0,110,3,190.77620396600568
1403638584.2778294,32,138,1,137,3,996.28296438883535
1403638584.3778296,32,144,10,134,4,606.05387205387206
1403638584.4778295,33,147,9,138,4,566.15384615384619
1403638584.5778294,33,150,8,142,4,598
1403638584.6778295,32,150,0,150,1,1043.6577946768061
1403638584.7778294,32,131,1,130,1,11.841681134733188
1403638584.8778296,32,148,0,148,1,185.63900149349263
1403638584.9778295,31,150,0,150,0,9.2758850350940101
1403638585.0778294,31,150,5,145,1,13.855029585798816
1403638585.1778295,32,141,0,141,0,9.0968333333333327
1403638585.2778294,32,150,9,141,3,inf
1403638585.3778296,33,148,3,145,2,inf
1403638585.4778295,32,146,4,142,1,33.783602150537632
1403638585.5778294,31,150,0,150,0,7.0606165291133491
1403638585.6778295,30,140,0,140,0,8.2228316172539273
1403638585.7778294,30,122,0,122,2,16.068202764976959
1403638585.8778296,30,150,0,150,1,37.092569269521405
1403638585.9778295,28,150,6,144,2,11.576740657084972
1403638586.0778294,27,130,6,124,2,18.285
1403638586.1778295,29,150,6,144,1,15.734549171001108
1403638586.2778294,30,140,7,133,2,18.70624773207539
1403638586.3778296,32,139,7,132,2,25.514389862871028
1403638586.4778295,31,130,7,123,3,126.82892606583916
1403638586.5778294,33,131,11,120,4,1112.3186221743811
1403638586.6778295,33,145,0,145,1,53.508034338542807
1403638586.7778294,33,150,9,141,3,inf
1403638586.8778296,32,137,10,127,2,14.049295774647886
1403638586.9778295,31,131,0,131,0,8.4288040191654652
1403638587.0778294,44,132,2,130,2,20.53535511274908
1403638587.1778295,40,150,5,145,2,35.320048019207675
1403638587.2778294,39,150,10,140,2,60.168449197860959
1403638587.3778296,39,150,8,142,2,27.916442953020134
1403638587.4778295,37,146,6,140,1,14.591424181855713
1403638587.5778294,36,138,3,135,1,16.269650028686176
1403638587.6778295,37,150,0,150,0,9.1760888640330176
1403638587.7778294,37,149,6,143,2,inf
1403638587.8778296,38,134,0,134,0,7.0102368207881316
1403638587.9778295,37,150,0,150,0,8.0639243128769404
1403638588.0778294,38,127,8,119,2,inf
1403638588.1778295,34,138,0,138,0,6.3479193407680281
1403638588.2778294,35,132,3,129,1,inf
1403638588.3778296,32,128,0,128,0,6.4185401723826168
1403638588.4778295,36,122,0,122,0,9.4324324324324316
1403638588.5778294,36,117,0,117,0,5.5456027413210913
1403638588.6778295,36,123,2,121,1,10.877459935995685
1403638588.7778294,36,124,0,124,0,8.4959783507479525
1403638588.8778296,34,128,0,128,1,34.03673971215737
1403638588.9778295,35,127,0,127,1,19.465986045557152
1403638589.0778294,34,135,7,128,2,inf
1403638589.1778295,40,129,0,129,0,7.3202546586509936
1403638589.2778294,42,126,1,125,1,13.74433161774934
1403638589.3778296,43,132,0,132,0,6.2260609429628868
1403638589.4778295,42,127,5,122,1,inf
1403638589.5778294,40,123,0,123,0,7.1585695006747629
1403638589.6778295,40,132,0,132,0,6.7676623376623386
1403638589.7778294,46,141,0,141,0,6.4281997374931761
1403638589.8778296,40,142,0,142,0,8.1533408351327523
1403638589.9778295,51,150,0,150,0,7.8012655261307708
1403638590.0778294,55,150,0,150,0,6.326405489879309
1403638590.1778295,53,149,0,149,1,413.36405529953919
1403638590.2778294,55,142,0,142,0,5.7610484096632781
1403638590.3778296,61,131,0,131,0,5.3188615533043899
1403638590.4778295,58,131,0,131,0,5.3907171150245938
1403638590.5778294,55,115,0,115,0,4.651005543902663
1403638590.6778295,57,106,0,106,0,5.4339237347022697
1403638590.7778294,61,112,0,112,0,6.0873039507643432
1403638590.8778296,58,109,7,102,2,inf
1403638590.9778295,58,119,0,119,0,5.4918970132591154
1403638591.0778294,64,124,0,124,0,5.6543364416262589
1403638591.1778295,65,128,0,128,0,4.9727877910607878
1403638591.2778294,60,128,0,128,0,4.2367086765759305
1403638591.3778296,57,119,0,119,0,4.3548012390294275
1403638591.4778295,56,115,0,115,0,4.3158867203858122
1403638591.5778294,57,124,0,124,0,4.8870821260217099
1403638591.6778295,57,122,0,122,0,4.2374507177659186
1403638591.7778294,59,122,0,122,0,3.9679562763136391
1403638591.8778296,60,119,0,119,0,3.9865823892350161
1403638591.9778295,60,115,0,115,0,3.9473974908696867
1403638592.0778294,60,125,0,125,0,3.823512054891113
1403638592.1778295,59,111,0,111,0,3.0062823038056683
1403638592.2778294,60,113,0,113,0,3.4441449535789155
1403638592.3778296,60,110,0,110,0,4.6109328579916822
1403638592.4778295,57,107,0,107,0,6.3926386779556452
1403638592.5778294,56,108,0,108,0,6.8240442914558379
1403638592.6778295,50,100,0,100,1,13.104424778761061
1403638592.7778294,55,117,0,117,1,14.318470784409087
1403638592.8778296,57,123,0,123,1,16.07760005687069
1403638592.9778295,66,116,0,116,0,3.2839044733839553
1403638593.0778294,84,107,0,107,1,11.971975348686342
1403638593.1778295,72,107,0,107,1,27.594594594594597
1403638593.2778294,75,118,0,118,1,232.57544910179641
1403638593.3778296,70,116,0,116,1,12.291162820067564
1403638593.4778295,72,119,0,119,2,232.83373205741626
1403638593.5778294,70,111,0,111,2,233.95279878971255
1403638593.6778295,71,114,0,114,2,232.45590881823637
1403638593.7778294,76,130,0,130,2,232.55555555555554
1403638593.8778296,68,120,0,120,2,234.18682634730538
1403638593.9778295,80,115,0,115,2,232.41671641791044
1403638594.0778294,78,111,0,111,2,233.32214563979622
1403638594.1778295,73,124,0,124,2,232.55555555555554
1403638594.2778294,74,121,0,121,2,232.83373205741626
1403638594.3778296,74,124,0,124,2,232.41671641791044
1403638594.4778295,74,116,4,112,3,inf
1403638594.5778294,74,116,0,116,2,232.55555555555554
1403638594.6778295,75,111,0,111,2,232.55555555555554
1403638594.7778294,72,112,0,112,2,232.55555555555554
1403638594.8778296,74,129,0,129,2,232.55555555555554
1403638594.9778295,73,147,0,147,2,232.69456066945608
1403638595.0778294,73,143,0,143,2,230.89494163424123
1403638595.1778295,73,150,0,150,2,232.83373205741626
1403638595.2778294,71,146,0,146,2,233.41406249999997
1403638595.3778296,70,141,0,141,2,233.41406249999997
1403638595.4778295,70,144,0,144,2,233.1823899371069
1403638595.5778294,70,141,0,141,2,232.69456066945608
1403638595.6778295,70,143,0,143,2,232.69456066945608
1403638595.7778294,74,147,0,147,2,232.69456066945608
1403638595.8778296,74,142,0,142,2,232.69456066945608
1403638595.9778295,75,146,0,146,2,232.69456066945608
1403638596.0778294,71,138,0,138,2,232.55555555555554
1403638596.1778295,71,127,0,127,2,232.55555555555554
1403638596.2778294,70,136,0,136,3,232.55555555555554
1403638596.3778296,78,127,0,127,3,232.55555555555554
1403638596.4778295,81,115,0,115,3,232.55555555555554
1403638596.5778294,82,127,0,127,3,232.55555555555554
1403638596.6778295,80,133,0,133,3,232.41671641791044
1403638596.7778294,84,128,4,124,4,inf
1403638596.8778296,81,116,0,116,3,232.55555555555554
1403638596.9778295,81,117,0,117,3,232.55555555555554
1403638597.0778294,83,129,0,129,3,189.73857363656438
1403638597.1778295,86,121,0,121,2,178.2675626145388
1403638597.2778294,84,131,1,130,3,190.20053120849934
1403638597.3778296,71,110,6,104,4,inf
1403638597.4778295,80,93,0,93,2,199.7939001848429
1403638597.5778294,78,86,0,86,3,202.36934792955734
1403638597.6778295,87,107,1,106,3,192.59642147117296
1403638597.7778294,88,95,1,94,2,249.67486502699458
1403638597.8778296,78,97,1,96,2,199.14970059880241
1403638597.9778295,84,103,0,103,2,235.57575757575756
1403638598.0778294,79,94,0,94,2,278.07306247866165
1403638598.1778295,71,93,0,93,1,268.15578947368425
1403638598.2778294,74,73,0,73,1,303.21126760563379
1403638598.3778296,70,89,0,89,1,342.97058823529414
1403638598.4778295,75,93,0,93,1,31.30555555555555
1403638598.5778294,74,87,0,87,0,5.820856944030222
1403638598.6778295,82,80,0,80,0,2.9511953817462149
1403638598.7778294,77,81,0,81,0,2.6856859289142756
1403638598.8778296,75,92,0,92,0,2.408840400404904
1403638598.9778295,74,96,0,96,0,2.8963963963963968
1403638599.0778294,73,89,0,89,0,2.308833922261484
1403638599.1778295,70,89,0,89,0,2.8647450110864745
1403638599.2778294,68,82,0,82,0,4.5643678160919539
1403638599.3778296,73,88,0,88,0,5.5869565217391299
1403638599.4778295,74,88,0,88,0,4.0584846362957823
1403638599.5778294,69,79,0,79,0,4.5232792055329787
1403638599.6778295,88,81,0,81,0,3.2928615009151927
1403638599.7778294,87,86,0,86,0,4.3418181818181827
1403638599.8778296,77,95,0,95,0,2.7994856700744242
1403638599.9778295,87,93,2,91,2,16.051297345660604
1403638600.0778294,71,98,0,98,0,4.0429908156451058
1403638600.1778295,78,103,0,103,0,3.0831786155531189
1403638600.2778294,65,114,0,114,0,3.2663359609854168
1403638600.3778296,62,109,0,109,0,3.955991412958626
1403638600.4778295,60,112,0,112,0,3.8009863498625158
1403638600.5778294,60,113,0,113,0,4.7321217842813317
1403638600.6778295,56,105,0,105,0,3.939115967625983
1403638600.7778294,60,105,0,105,0,4.657692307692308
1403638600.8778296,63,125,0,125,0,6.8613953488372088
1403638600.9778295,63,114,0,114,0,4.3264631011965511
1403638601.0778294,62,121,0,121,0,4.1144996313172379
1403638601.1778295,72,124,0,124,0,4.18975473022447
1403638601.2778294,65,128,0,128,0,4.8863996314107183
1403638601.3778296,74,139,0,139,0,4.1325617343702064
1403638601.4778295,69,143,0,143,0,4.600058394160583
1403638601.5778294,65,139,0,139,0,5.2656895236592227
1403638601.6778295,62,150,0,150,0,4.9137389307022232
1403638601.7778294,61,134,0,134,0,5.4082178458546064
1403638601.8778296,66,125,0,125,0,4.3287785277382156
1403638601.9778295,78,125,0,125,0,10.599999999999998
1403638602.0778294,76,142,0,142,0,4.6901408450704221
1403638602.1778295,80,150,0,150,0,2.8760869565217391
1403638602.2778294,78,133,0,133,0,2.6186869642195103
1403638602.3778296,76,145,0,145,0,8.761626031039107
1403638602.4778295,65,141,0,141,0,4.6841567201131937
1403638602.5778294,68,140,0,140,0,5.327953545963025
1403638602.6778295,72,131,0,131,0,3.84406914127258
1403638602.7778294,77,126,0,126,0,9.115384615384615
1403638602.8778296,70,124,0,124,0,3.9631379540895919
1403638602.9778295,75,150,0,150,0,4.8000000000000007
1403638603.0778294,70,150,0,150,0,3.9040880503144657
1403638603.1778295,91,143,0,143,0,7.0208333333333321
1403638603.2778294,87,128,0,128,0,4.4880975281331157
1403638603.3778296,89,127,0,127,0,4.6223086092288526
1403638603.4778295,87,141,0,141,0,4.7766048466864497
1403638603.5778294,87,150,0,150,0,9.5087719298245617
1403638603.6778295,86,150,0,150,0,8.6274509803921564
1403638603.7778294,88,150,0,150,0,4.9874551971326166
1403638603.8778296,88,150,0,150,0,5.7215909090909092
1403638603.9778295,100,148,0,148,0,6.0571428571428561
1403638604.0778294,92,150,0,150,0,8.5876010781671166
1403638604.1778295,87,150,0,150,0,9.8271604938271615
1403638604.2778294,86,150,5,145,1,14.675291545189504
1403638604.3778296,84,150,4,146,1,12.587754854368931
1403638604.4778295,88,150,5,145,1,11.268558951965066
1403638604.5778294,90,138,0,138,0,6.6865079365079376
1403638604.6778295,96,150,0,150,0,6.1210586881472953
1403638604.7778294,100,150,0,150,0,7.0095823095823109
1403638604.8778296,96,150,0,150,0,5.909302325581395
1403638604.9778295,94,150,0,150,0,5.6064220183486242
1403638605.0778294,95,150,0,150,0,5.0215827338129495
1403638605.1778295,104,147,0,147,0,4.7956565073702997
1403638605.2778294,106,150,0,150,0,3.5265146960989413
1403638605.3778296,108,150,0,150,0,3.9343704957626966
1403638605.4778295,108,147,0,147,0,5.5576719576719578
1403638605.5778294,108,150,0,150,0,5.8014605047921632
1403638605.6778295,110,150,0,150,0,7.4499999999999993
1403638605.7778294,110,150,0,150,0,4.7611749680715194
1403638605.8778296,110,150,0,150,0,6.2492613348427692
1403638605.9778295,112,150,0,150,0,10.532407407407407
1403638606.0778294,109,150,0,150,0,5.4090909090909101
1403638606.1778295,109,150,0,150,0,4.8200105106616133
1403638606.2778294,115,150,0,150,0,5.7727080692860158
1403638606.3778296,110,150,0,150,0,5.3011679644048941
1403638606.4778295,97,145,0,145,0,8.8496240601503739
1403638606.5778294,122,150,0,150,0,4.7999999999999998
1403638606.6778295,112,144,0,144,0,5.9979149291075897
1403638606.7778294,109,150,0,150,0,4.082686169758829
1403638606.8778296,100,150,0,150,0,4.9894456762749453
1403638606.9778295,93,139,0,139,0,5.6285714285714281
1403638607.0778294,122,139,0,139,0,4.1341061335854601
1403638607.1778295,104,126,0,126,0,5.8536585365853657
1403638607.2778294,104,133,0,133,0,5.6969696969696972
1403638607.3778296,105,137,0,137,0,5.8104906937394247
1403638607.4778295,103,148,0,148,0,6.8359173126614978
1403638607.5778294,99,150,0,150,0,9.3904958677685961
1403638607.6778295,104,150,0,150,0,8.4893617021276597
1403638607.7778294,102,150,0,150,0,4.800544829403135
1403638607.8778296,119,149,0,149,0,5.7547169811320753
1403638607.9778295,116,150,0,150,0,5.5135464231354643
1403638608.0778294,109,142,0,142,0,4.0654675887696117
1403638608.1778295,111,147,0,147,0,4.6645429141716566
1403638608.2778294,107,143,0,143,0,4.3867841409691621
1403638608.3778296,105,139,0,139,0,10.508196721311476
1403638608.4778295,112,146,0,146,0,3.7897289211955809
1403638608.5778294,107,150,0,150,0,5.4090909090909092
1403638608.6778295,112,150,0,150,0,3.9711538461538458
1403638608.7778294,120,139,0,139,0,4.7070293047308942
1403638608.8778296,103,141,0,141,0,8.0544747081712078
1403638608.9778295,111,140,0,140,0,4.6986301369863019
1403638609.0778294,132,140,0,140,0,4.8660179647759456
1403638609.1778295,135,138,0,138,0,5.1534133629528371
1403638609.2778294,130,140,0,140,0,4.5781155130540387
1403638609.3778296,132,145,0,145,0,4.6806785731571567
1403638609.4778295,131,150,0,150,0,4.6952646712349351
1403638609.5778294,124,145,0,145,0,5.0326832713799146
1403638609.6778295,121,143,0,143,0,4.6291866028708135
1403638609.7778294,122,150,0,150,0,3.7699010619950979
1403638609.8778296,120,150,0,150,0,5.9075460829493078
1403638609.9778295,120,147,0,147,0,4.5
1403638610.0778294,129,150,0,150,0,5.1228070175438596
1403638610.1778295,127,147,0,147,0,3.2340179492003056
1403638610.2778294,132,150,0,150,0,4.2303664921465964
1403638610.3778296,129,148,0,148,0,4.1072947092098939
1403638610.4778295,128,150,0,150,0,4.5148721931545674
1403638610.5778294,132,150,0,150,0,4.5656847644718264
1403638610.6778295,129,149,0,149,0,3.6560065074064561
1403638610.7778294,129,144,0,144,0,3.7074792243767316
1403638610.8778296,125,144,0,144,0,4.105038759689922
1403638610.9778295,132,149,0,149,0,5.8451612903225811
1403638611.0778294,126,150,0,150,0,6.5132978723404253
1403638611.1778295,123,149,0,149,0,5.5842519685039385
1403638611.2778294,120,150,0,150,0,4.4436183395291193
1403638611.3778296,114,150,0,150,0,4.3944773175542409
1403638611.4778295,123,150,0,150,0,3.375
1403638611.5778294,127,148,0,148,0,4.7845377267277724
1403638611.6778295,124,150,0,150,0,5.6044657097288679
1403638611.7778294,134,150,0,150,0,4.3863887255658272
1403638611.8778296,132,150,0,150,0,4.2217867982718102
1403638611.9778295,131,150,0,150,0,4.4747887521962442
1403638612.0778294,134,148,0,148,0,4.6568891770755121
1403638612.1778295,145,150,0,150,0,4.3451005025125626
1403638612.2778294,147,150,0,150,0,4.456950916054744
1403638612.3778296,145,149,0,149,0,4.3565019083618717
1403638612.4778295,149,150,0,150,0,4.5498539942642386
1403638612.5778294,146,148,0,148,0,4.4686924946846034
1403638612.6778295,144,147,0,147,0,4.8272171253822638
1403638612.7778294,145,147,0,147,0,4.0820814394740665
1403638612.8778296,143,150,0,150,0,4.0145282390224626
1403638612.9778295,144,150,0,150,0,4.0165492962843405
1403638613.0778294,150,150,0,150,0,3.6083216078656184
1403638613.1778295,148,150,0,150,0,3.6589513644326965
1403638613.2778294,149,150,0,150,0,3.9323761000463175
1403638613.3778296,144,150,0,150,0,5.2232142857142856
1403638613.4778295,149,150,0,150,0,3.5669626655779356
1403638613.5778294,150,150,0,150,0,3.739817518809267
1403638613.6778295,150,150,0,150,0,3.6663037214885952
1403638613.7778294,148,150,0,150,0,5.695081967213115
1403638613.8778296,147,150,0,150,0,3.8877341251713107
1403638613.9778295,145,150,0,150,0,3.9022556390977448
1403638614.0778294,141,150,0,150,0,10.473455017140738
1403638614.1778295,138,150,0,150,0,7.2908587257617725
1403638614.2778294,143,150,0,150,0,6.7791744797092388
1403638614.3778296,131,150,0,150,0,3.7767731565199916
1403638614.4778295,129,150,0,150,0,6.7882183908045972
1403638614.5778294,137,150,0,150,0,6.663332931678517
1403638614.6778295,131,150,0,150,0,7.1417064122946474
1403638614.7778294,123,150,0,150,0,6.2071967146807756
1403638614.8778296,113,150,4,146,1,13.160946745562129
1403638614.9778295,111,150,9,141,2,19.320728208835995
1403638615.0778294,111,150,0,150,0,10.241746322283236
1403638615.1778295,105,135,0,135,0,9.8001105961659984
1403638615.2778294,107,134,0,134,0,8.2951880214881708
1403638615.3778296,86,105,6,99,1,15.155919155233022
1403638615.4778295,84,137,0,137,0,10.599999999999998
1403638615.5778294,80,132,0,132,0,10.599999999999998
1403638615.6778295,84,93,2,91,1,10.997490696438065
1403638615.7778294,63,95,5,90,2,12.402454329940035
1403638615.8778296,63,133,8,125,2,11.986053328290469
1403638615.9778295,70,114,5,109,2,15.092969431001833
1403638616.0778294,68,119,4,115,1,12.28696592554576
1403638616.1778295,68,109,6,103,2,19.266237251744499
1403638616.2778294,58,112,2,110,1,10.871433777592669
1403638616.3778296,68,127,4,123,1,11.706826961886639
1403638616.4778295,71,141,7,134,1,13.102426961122612
1403638616.5778294,60,132,5,127,1,16.060837713011626
1403638616.6778295,61,125,4,121,1,12.576317933930921
1403638616.7778294,56,138,11,127,2,14.264220877458394
1403638616.8778296,57,122,0,122,0,10.734235267140564
1403638616.9778295,59,119,5,114,2,13.42604905437352
1403638617.0778294,70,121,4,117,1,14.085060933862797
1403638617.1778295,69,135,11,124,2,25.164133738601823
1403638617.2778294,105,127,3,124,1,23.393243058405144
1403638617.3778296,100,119,8,111,2,17.824461202088258
1403638617.4778295,98,129,0,129,0,10.659725241283367
1403638617.5778294,103,139,0,139,0,4.3597096831297577
1403638617.6778295,99,137,0,137,0,3.9710100701861464
1403638617.7778294,94,144,0,144,0,5.3395061728395063
1403638617.8778296,95,138,0,138,0,7.5590132827324474
1403638617.9778295,92,142,0,142,0,6.3537319496251436
1403638618.0778294,87,150,0,150,0,4.8019575856443719
1403638618.1778295,87,147,0,147,0,5.5357589270632754
1403638618.2778294,89,150,0,150,0,3.6720506317794523
1403638618.3778296,92,150,0,150,0,5.123124326761693
1403638618.4778295,87,141,0,141,0,4.7096410978184373
1403638618.5778294,82,149,0,149,0,5.1135879046326815
1403638618.6778295,103,148,0,148,0,6.7520050953010005
1403638618.7778294,88,150,0,150,0,6.9587791910626562
1403638618.8778296,87,150,0,150,0,5.8414322250639392
1403638618.9778295,85,145,0,145,0,5.64394592476489
1403638619.0778294,94,139,2,137,1,13.36342357461467
1403638619.1778295,86,138,1,137,1,12.259622052704577
1403638619.2778294,85,146,2,144,1,28.925925925925924
1403638619.3778296,81,139,2,137,2,88.233514986375994
1403638619.4778295,87,144,0,144,1,88.770145127850711
1403638619.5778294,112,150,0,150,2,421.12676056338029
1403638619.6778295,113,150,0,150,1,16.494734523022693
1403638619.7778294,129,150,0,150,0,5.9569808572617564
1403638619.8778296,136,150,0,150,0,5.5952380952380958
1403638619.9778295,137,150,0,150,0,4.2483660130718954
1403638620.0778294,137,150,7,143,2,inf
1403638620.1778295,136,150,0,150,0,3
1403638620.2778294,137,150,0,150,0,2.2747364253518945
1403638620.3778296,146,150,0,150,0,6.1940928270042193
1403638620.4778295,142,150,0,150,0,4.3917525773195871
1403638620.5778294,138,150,0,150,0,5.6605839416058394
1403638620.6778295,139,150,0,150,0,3.5209459459459462
1403638620.7778294,139,150,0,150,0,4.1848739495798313
1403638620.8778296,137,150,0,150,0,4.0068965517241386
1403638620.9778295,138,150,0,150,0,4.5787554691298009
1403638621.0778294,136,150,0,150,0,5.7840543044780288
1403638621.1778295,137,150,0,150,1,23.098155515370699
1403638621.2778294,134,150,0,150,1,12.566666666666666
1403638621.3778296,135,150,4,146,1,inf
1403638621.4778295,132,150,0,150,1,27.540703125
1403638621.5778294,130,150,0,150,1,159.03380978559647
1403638621.6778295,126,150,0,150,1,42.455411255411256
1403638621.7778294,130,150,0,150,1,338.95852534562215
1403638621.8778296,130,145,0,145,1,319.7227722772277
1403638621.9778295,130,150,0,150,1,307.03431169904917
1403638622.0778294,140,150,0,150,1,302.83640737770651
1403638622.1778295,145,150,0,150,1,327.26236749116612
1403638622.2778294,150,150,0,150,1,341.79291302346985
1403638622.3778296,145,147,0,147,1,34.980028395645995
1403638622.4778295,142,150,0,150,1,59.753679318357868
1403638622.5778294,145,150,0,150,1,293.32351801627271
1403638622.6778295,147,144,0,144,1,287.66565579984842
1403638622.7778294,140,141,0,141,1,258.19054054054055
1403638622.8778296,139,147,1,146,2,249.86397657012691
1403638622.9778295,144,148,0,148,1,247.80597494378412
1403638623.0778294,150,147,0,147,1,280.72533136966126
1403638623.1778295,146,145,0,145,1,275.2011577424023
1403638623.2778294,147,150,0,150,1,346.73949579831924
1403638623.3778296,148,150,0,150,1,138.52297489341547
1403638623.4778295,150,150,0,150,1,346.5776948203453
1403638623.5778294,149,150,0,150,0,3.0522257273045916
1403638623.6778295,147,150,0,150,0,3.999578148070027
1403638623.7778294,150,150,0,150,0,3.6969696969696972
1403638623.8778296,150,150,0,150,0,3.7999999999999998
1403638623.9778295,149,150,0,150,0,3.2338585365666512
1403638624.0778294,143,150,0,150,0,3.6915041782729805
1403638624.1778295,148,150,0,150,0,4.8141153081510932
1403638624.2778294,148,150,0,150,0,3.9931972789115648
1403638624.3778296,150,150,2,148,1,inf
1403638624.4778295,150,150,0,150,0,3.3438375350140048
1403638624.5778294,147,150,0,150,0,2.9366895499618613
1403638624.6778295,150,150,0,150,0,2.7834488957370316
1403638624.7778294,150,150,0,150,0,3.9149812063719343
1403638624.8778296,143,144,0,144,0,5.3485714285714279
1403638624.9778295,146,142,0,142,0,9.9910971663888635
1403638625.0778294,142,142,0,142,0,2.1812555260831128
1403638625.1778295,143,146,0,146,0,5.0945454545454547
1403638625.2778294,141,150,1,149,1,16.675159235668794
1403638625.3778296,146,149,4,145,1,11.773251866938223
1403638625.4778295,135,148,0,148,0,3.4245594713656389
1403638625.5778294,131,150,0,150,0,3.2317801672640383
1403638625.6778295,134,149,1,148,1,19.651414309484192
1403638625.7778294,138,150,0,150,0,2.8888888888888888
1403638625.8778296,135,150,0,150,0,3.7188449848024319
1403638625.9778295,136,149,0,149,0,6.0472222222222216
1403638626.0778294,139,150,0,150,0,9.224806201550388
1403638626.1778295,141,150,0,150,0,9.625
1403638626.2778294,137,150,0,150,0,7.6123796642533224
1403638626.3778296,132,150,0,150,0,4.5978326309452129
1403638626.4778295,135,150,0,150,0,3.9811320754716983
1403638626.5778294,143,150,0,150,0,2.4321428571428569
1403638626.6778295,140,150,0,150,0,9.4030897517030851
1403638626.7778294,138,150,0,150,0,4.5110993657505283
1403638626.8778296,138,150,0,150,0,6.3660178468924498
1403638626.9778295,146,150,0,150,0,2.4663978494623655
1403638627.0778294,146,150,0,150,0,9.8157894736842106
1403638627.1778295,141,149,0,149,0,4.3142857142857149
1403638627.2778294,143,150,0,150,0,6.6222222222222218
1403638627.3778296,137,150,0,150,0,3.568052930056711
1403638627.4778295,140,150,0,150,0,4.9321357285429146
1403638627.5778294,141,150,0,150,0,5.1692307692307686
1403638627.6778295,144,150,0,150,0,4.3026926648096566
1403638627.7778294,141,150,0,150,0,4.5893719806763285
1403638627.8778296,134,150,0,150,0,6.0544217687074831
1403638627.9778295,104,135,0,135,0,3.8944661892071952
1403638628.0778294,95,144,0,144,0,6.6043165467625906
1403638628.1778295,97,137,0,137,0,7.1223021582733814
1403638628.2778294,89,136,0,136,0,6.9498069498069501
1403638628.3778296,87,139,0,139,0,7.6436974789915961
1403638628.4778295,91,146,0,146,0,5.1363636363636367
1403638628.5778294,94,150,0,150,0,5.2777777777777768
1403638628.6778295,95,141,5,136,1,inf
1403638628.7778294,100,130,0,130,0,3.4000000000000004
1403638628.8778296,93,133,0,133,0,3.5358306188925082
1403638628.9778295,79,118,0,118,0,7.8839869281045747
1403638629.0778294,85,129,8,121,2,17.783972125435536
1403638629.1778295,84,123,0,123,0,8.9570552147239262
1403638629.2778294,81,127,0,127,0,6.8981481481481479
1403638629.3778296,78,117,3,114,1,inf
1403638629.4778295,76,131,0,131,0,3.4851428571428573
1403638629.5778294,86,128,0,128,0,3.4999999999999996
1403638629.6778295,85,121,0,121,0,3.1810164645185348
1403638629.7778294,76,108,0,108,0,6.2856410256410253
1403638629.8778296,81,116,0,116,0,4.8130081300813012
1403638629.9778295,79,127,0,127,0,9.0833333333333321
1403638630.0778294,73,115,0,115,0,6.36231884057971
1403638630.1778295,50,101,0,101,0,3.5623787976729151
1403638630.2778294,37,73,0,73,0,3.9750499001996009
1403638630.3778296,16,66,0,66,0,3.7838936942981762
1403638630.4778295,30,64,0,64,0,4.4389898989898988
1403638630.5778294,40,83,0,83,0,6.2999999999999998
1403638630.6778295,16,46,0,46,0,2.2792034537582033
1403638630.7778294,35,55,0,55,0,3.1869949494949497
1403638630.8778296,123,121,6,115,1,inf
1403638630.9778295,124,121,0,121,0,2.4901656314699796
1403638631.0778294,124,126,4,122,1,15.999999999999996
1403638631.1778295,126,124,1,123,1,inf
1403638631.2778294,150,124,0,124,0,3.0010033450418172
1403638631.3778296,150,125,0,125,0,3.260416666666667
1403638631.4778295,150,125,0,125,0,2.7708653611298693
1403638631.5778294,150,127,0,127,0,2.4948988327958679
1403638631.6778295,150,133,0,133,0,2.840395794859266
