error,estimate,label,overlap_estimate_poses,pairs,rotation_rpe_mean_deg,rotation_rpe_mean_rad,rotation_rpe_rmse_deg,rotation_rpe_rmse_rad,sequence,status,translation_rpe_mean_m,translation_rpe_median_m,translation_rpe_rmse_m
,D:\大论文实验\IR-VIO的复现\results\MH_01_easy\vins_mono.csv,vins_mono,1819,1809,0.23955166864220828,0.004180965346452989,0.5050795769801076,0.008815301602883036,MH_01_easy,complete,0.020868488640538307,0.016760440316602346,0.02729543321104937
estimate or groundtruth not found,D:\大论文实验\IR-VIO的复现\results\MH_02_easy\vins_mono.csv,vins_mono,,,,,,,MH_02_easy,missing,,,
estimate or groundtruth not found,D:\大论文实验\IR-VIO的复现\results\MH_03_medium\vins_mono.csv,vins_mono,,,,,,,MH_03_medium,missing,,,
estimate or groundtruth not found,D:\大论文实验\IR-VIO的复现\results\MH_04_difficult\vins_mono.csv,vins_mono,,,,,,,MH_04_difficult,missing,,,
estimate or groundtruth not found,D:\大论文实验\IR-VIO的复现\results\MH_05_difficult\vins_mono.csv,vins_mono,,,,,,,MH_05_difficult,missing,,,
,D:\大论文实验\IR-VIO的复现\results\V1_01_easy\vins_mono.csv,vins_mono,1391,1381,0.434027357292003,0.007575206428475272,0.520322522823415,0.009081341195551932,V1_01_easy,complete,0.04300108101996891,0.04020545772593472,0.04838583244599151
,D:\大论文实验\IR-VIO的复现\results\V1_02_medium\vins_mono.csv,vins_mono,797,787,0.3485973466893107,0.006084171463444626,0.4831915648295027,0.008433283724138456,V1_02_medium,complete,0.045991830842149604,0.04441305792277843,0.05153427696967873
,D:\大论文实验\IR-VIO的复现\results\V1_03_difficult\vins_mono.csv,vins_mono,994,984,0.47967143444660437,0.00837184585885739,0.6800548666479326,0.011869196517217396,V1_03_difficult,complete,0.05097567727415691,0.04435462826234536,0.059548361303689096
,D:\大论文实验\IR-VIO的复现\results\V2_01_easy\vins_mono.csv,vins_mono,1075,1065,0.3436950210906322,0.005998609740742884,0.7112741146935,0.012414075185609353,V2_01_easy,complete,0.01950256187690789,0.016891858500361866,0.02408774456157164
,D:\大论文实验\IR-VIO的复现\results\V2_02_medium\vins_mono.csv,vins_mono,1125,1115,0.5120548810418576,0.008937043625088306,1.2338995892961977,0.02153561047222443,V2_02_medium,complete,0.030151432625070158,0.02356066658383974,0.0381924656506956
,D:\大论文实验\IR-VIO的复现\results\V2_03_difficult\vins_mono.csv,vins_mono,1095,1085,0.6610151247863918,0.011536890333003716,1.4491049250473356,0.025291652148941652,V2_03_difficult,complete,0.04545822202965388,0.03766156429822439,0.055660616319456624
,D:\大论文实验\IR-VIO的复现\results\MH_01_easy\dual_gray_dce_trained_official.csv,dual_gray_dce_trained_official,1817,1807,0.23880505381085682,0.004167934459401683,0.5416064948481892,0.009452816585286608,MH_01_easy,complete,0.018803271706541055,0.015621266889354269,0.024312036536684452
,D:\大论文实验\IR-VIO的复现\results\MH_02_easy\dual_gray_dce_trained_official.csv,dual_gray_dce_trained_official,1496,1486,0.16550118724893698,0.002888540633453606,0.24068688052537443,0.004200778531522003,MH_02_easy,complete,0.01553972888510031,0.013385279300258776,0.019405870129854882
,D:\大论文实验\IR-VIO的复现\results\MH_03_medium\dual_gray_dce_trained_official.csv,dual_gray_dce_trained_official,1308,1298,0.24608922178217219,0.0042950671737694525,0.3563732578904426,0.006219886716247085,MH_03_medium,complete,0.037916997357204496,0.03028600312370023,0.0494835498219034
,D:\大论文实验\IR-VIO的复现\results\MH_04_difficult\dual_gray_dce_trained_official.csv,dual_gray_dce_trained_official,982,972,0.2484212090847651,0.0043357680303144,0.3429609855629957,0.0059857984039590134,MH_04_difficult,complete,0.042852220644403305,0.03878304851430717,0.05324690632156987
,D:\大论文实验\IR-VIO的复现\results\MH_05_difficult\dual_gray_dce_trained_official.csv,dual_gray_dce_trained_official,1084,1074,0.23342442955035603,0.004074024850243259,0.37178239855512824,0.006488826955748797,MH_05_difficult,complete,0.03749075064225986,0.03457268473309323,0.04521703262991797
,D:\大论文实验\IR-VIO的复现\results\V1_01_easy\dual_gray_dce_trained_official.csv,dual_gray_dce_trained_official,1389,1379,0.4303288640576552,0.007510655544173168,0.5370902243013109,0.009373992794332736,V1_01_easy,complete,0.0426423555799144,0.04018658558079949,0.04790132590444591
,D:\大论文实验\IR-VIO的复现\results\V1_02_medium\dual_gray_dce_trained_official.csv,dual_gray_dce_trained_official,792,782,0.3763740292314072,0.006568966029085439,0.5566684964004422,0.00971569810431392,V1_02_medium,complete,0.04586782546697078,0.044453588681261896,0.052259514061116896
,D:\大论文实验\IR-VIO的复现\results\V1_03_difficult\dual_gray_dce_trained_official.csv,dual_gray_dce_trained_official,977,967,0.6411302688480154,0.0111898341255943,1.212147283613585,0.021155961118162564,V1_03_difficult,complete,0.046981878648748386,0.038707747837429266,0.0582542114168411
,D:\大论文实验\IR-VIO的复现\results\V2_01_easy\dual_gray_dce_trained_official.csv,dual_gray_dce_trained_official,1075,1065,0.4098119932335861,0.0071525685960868,0.939868128834291,0.016403793382716633,V2_01_easy,complete,0.017982561529355758,0.015686330705137894,0.022559330457924114
,D:\大论文实验\IR-VIO的复现\results\V2_02_medium\dual_gray_dce_trained_official.csv,dual_gray_dce_trained_official,1127,1117,0.429945575048075,0.007503965888969286,0.6800458756471244,0.011869039594650244,V2_02_medium,complete,0.028234562967393288,0.023204603175672696,0.035141073448511896
,D:\大论文实验\IR-VIO的复现\results\V2_03_difficult\dual_gray_dce_trained_official.csv,dual_gray_dce_trained_official,1095,1085,0.6446683630691381,0.011251585518998677,1.414016543827597,0.02467924436746227,V2_03_difficult,complete,0.040663074012506,0.03304425506043717,0.05051219027123534
,D:\大论文实验\IR-VIO的复现\results\MH_01_easy\dual_gray_dce_trained_paper.csv,dual_gray_dce_trained_paper,1816,1806,0.24933613422355166,0.004351736486395492,0.5276471031960979,0.009209179239382203,MH_01_easy,complete,0.018338828752621706,0.015570364297722142,0.02368178528014968
,D:\大论文实验\IR-VIO的复现\results\MH_02_easy\dual_gray_dce_trained_paper.csv,dual_gray_dce_trained_paper,1495,1485,0.15985160979050714,0.0027899369054575525,0.22963377582506908,0.004007865461934014,MH_02_easy,complete,0.016589493301040845,0.01500239243048465,0.020863141778111136
,D:\大论文实验\IR-VIO的复现\results\MH_03_medium\dual_gray_dce_trained_paper.csv,dual_gray_dce_trained_paper,1308,1298,0.25085954297000546,0.00437832498487479,0.3571009104267123,0.006232586648815479,MH_03_medium,complete,0.03871815240385068,0.030080468089030997,0.05116676240807718
,D:\大论文实验\IR-VIO的复现\results\MH_04_difficult\dual_gray_dce_trained_paper.csv,dual_gray_dce_trained_paper,982,972,0.24306810269886783,0.004242338698670959,0.3305290615403731,0.005768820397406471,MH_04_difficult,complete,0.04551178415505225,0.03908336199154222,0.05713600095073607
,D:\大论文实验\IR-VIO的复现\results\MH_05_difficult\dual_gray_dce_trained_paper.csv,dual_gray_dce_trained_paper,1067,1057,0.2296779455888507,0.004008636369741831,0.3480984074574432,0.0060754633310811665,MH_05_difficult,complete,0.03762298656736749,0.03347575635185822,0.0467859327283195
,D:\大论文实验\IR-VIO的复现\results\V1_01_easy\dual_gray_dce_trained_paper.csv,dual_gray_dce_trained_paper,1386,1376,0.44092591518508084,0.007695608977348923,0.5449658089443444,0.009511447676873173,V1_01_easy,complete,0.04234644001802381,0.03989195266084405,0.04759716851394688
,D:\大论文实验\IR-VIO的复现\results\V1_02_medium\dual_gray_dce_trained_paper.csv,dual_gray_dce_trained_paper,789,779,0.3686045253129304,0.006433362604461417,0.5880701329619099,0.01026376005282616,V1_02_medium,complete,0.04540183118351703,0.04447604507261977,0.05233051099575329
,D:\大论文实验\IR-VIO的复现\results\V1_03_difficult\dual_gray_dce_trained_paper.csv,dual_gray_dce_trained_paper,984,974,0.5222541796890006,0.009115054967875154,0.7776558937709677,0.013572655793842647,V1_03_difficult,complete,0.04325464230255787,0.03672105431871167,0.051101583055972816
,D:\大论文实验\IR-VIO的复现\results\V2_01_easy\dual_gray_dce_trained_paper.csv,dual_gray_dce_trained_paper,1075,1065,0.4316432854600821,0.0075335965254042,1.017978026869561,0.017767068281829144,V2_01_easy,complete,0.018061182042527525,0.015047324082731798,0.02320379052321766
,D:\大论文实验\IR-VIO的复现\results\V2_02_medium\dual_gray_dce_trained_paper.csv,dual_gray_dce_trained_paper,1120,1110,0.45368706828578026,0.007918333115307211,0.9293231012654907,0.016219747931927493,V2_02_medium,complete,0.027664177902622815,0.021183262752271538,0.034991416674295325
,D:\大论文实验\IR-VIO的复现\results\V2_03_difficult\dual_gray_dce_trained_paper.csv,dual_gray_dce_trained_paper,1095,1085,0.6773817148551664,0.011822541217028039,1.484592502428905,0.025911027217806307,V2_03_difficult,complete,0.04135840363660853,0.032709696032376036,0.05224785315740142
